id,document_number,email,name,phone_number
1,16885496,jamartinezv@sagradafamiliapalmira.edu.co,JOSE,3017690703
2,16885497,jamartinezv@usal.es,ALFREDO,3017690804
3,16885498,jamartinez6945@misena.edu.co,JOSEALFREDO MARTINEZVALDES,3017690905
4,16885499,jamartinezv@unal.edu.co,JOSEALFREDO MARTINEZVALDES,3017691006
5,16885500,jose.martinez@correounivalle.edu.co,CHEPE,3017691107
6,16885501,ja.martinezv@alumnos.urjc.es,LUIS,3017691208
7,16885502,iesafavirtual@gmail.com,ANDRES,3017691309
8,16885503,jose.doctoradourjc@gmail.com,ANA,3017691410
9,16885504,jamartinezv@sagradafamiliapalmira.edu.co,PATRICIA,3017691511
10,16885505,jamartinezv@usal.es,JORGE,3017691612
11,16885506,jamartinez6945@misena.edu.co,DIANA,3017691713
12,16885507,jamartinezv@unal.edu.co,LUISA,3017691814
13,16885508,jose.martinez@correounivalle.edu.co,KARLA,3017691915
14,16885509,ja.martinezv@alumnos.urjc.es,VALENTINA,3017692016
15,16885510,iesafavirtual@gmail.com,LILIANA,3017692117
16,16885511,jose.doctoradourjc@gmail.com,DANIEL,3017692218
17,16885512,jamartinezv@sagradafamiliapalmira.edu.co,SEBASETIAN,3017692319
18,16885513,jamartinezv@usal.es,FREDDY,3017692420
19,16885514,jamartinez6945@misena.edu.co,IVAN,3017692521
